{"train_loss": [1.1159160137176514, 1.1063075065612793, 1.0980300903320312, 1.1069231033325195, 1.0899889469146729, 1.0897570848464966, 1.0978729724884033, 1.1099027395248413, 1.0786938667297363, 1.08890700340271, 1.1000347137451172, 1.1277885437011719, 1.0954551696777344, 1.1003552675247192, 1.087457537651062, 1.1110339164733887, 1.0692636966705322, 1.088478446006775, 1.0952739715576172, 1.115330696105957, 1.130332589149475, 1.094311237335205, 1.0883105993270874, 1.1265140771865845, 1.1052970886230469, 1.1332306861877441, 1.1117403507232666, 1.0830236673355103, 1.0996118783950806, 1.0986111164093018, 1.0960428714752197, 1.0860246419906616, 1.0919276475906372, 1.1027107238769531, 1.087686538696289, 1.0720715522766113], "train_acc": [0.2, 0.3, 0.2, 0.35, 0.45, 0.5, 0.35, 0.3, 0.35, 0.45, 0.25, 0.3, 0.35, 0.3, 0.5, 0.35, 0.45, 0.35, 0.35, 0.25, 0.25, 0.25, 0.3, 0.4, 0.35, 0.3, 0.3, 0.4, 0.35, 0.4, 0.35, 0.45, 0.4, 0.25, 0.45, 0.6], "val_loss": [1.0947421789169312, 1.0956146717071533, 1.0960679054260254, 1.0970163345336914, 1.099323034286499, 1.1009224653244019, 1.1034584045410156, 1.105966567993164, 1.1070605516433716, 1.1090002059936523, 1.1127912998199463, 1.1145292520523071, 1.1162176132202148, 1.118083119392395, 1.1198644638061523, 1.120592713356018, 1.1211358308792114, 1.1205668449401855, 1.1182366609573364, 1.1157829761505127, 1.1127212047576904, 1.1103346347808838, 1.1080455780029297, 1.105971336364746, 1.1047074794769287, 1.1040475368499756, 1.1037348508834839, 1.1037662029266357, 1.1037973165512085, 1.1036655902862549, 1.1035255193710327, 1.1034027338027954, 1.1032882928848267, 1.103183388710022, 1.1031743288040161, 1.1031177043914795], "val_acc": [0.4, 0.4, 0.4, 0.4, 0.4, 0.4, 0.4, 0.4, 0.4, 0.4, 0.4, 0.4, 0.4, 0.4, 0.4, 0.6, 0.4, 0.4, 0.4, 0.4, 0.4, 0.4, 0.4, 0.4, 0.4, 0.4, 0.4, 0.4, 0.4, 0.4, 0.4, 0.4, 0.4, 0.4, 0.4, 0.4]}